﻿<?xml version="1.0" encoding="utf-8" ?>
<addonManifest xmlns:xsd="http://www.w3.org/2001/XMLSchema"
               xmlns:xsi="http://www.w3.org/2001/XMLSchema-instance"
               xmlns="http://schemas.apprenda.com/AddonManifest"
               xsi:schemaLocation="http://schemas.apprenda.com/AddonManifest http://apprenda.com/schemas/platform/5.0/AddonManifest.xsd"
               name="Amazon S3"
               description="Amazon S3 is storage for the Internet. It is designed to make web-scale computing easier for developers."
               deploymentNotes="Updated to reflect changes in Amazon SDK, configured to work on .NET 4.5 runtime, and updated for work in Apprenda 5.0."
               developerHelp="contact cdutra@apprenda.com for assistance."
               vendor="Apprenda"
               author="Chris Dutra"
               version="1.0.0"
               provisioningUsername=""
               provisioningPassword=""
               provisioningLocation="">
  <properties>
    <property key="AWSClientKey" displayName="AWS Client Key" description="Required - please specify the client key of the user who has access to provision Glacier vaults." value=""/>
    <property key="AWSSecretKey" displayName="AWS Secret Key" description="Required - please specify the secret key of the user who has access to provision Glacier vaults." value=""/>
    <property key="requireDevCredentials" displayName="Require Developer Credentials" description="If set to true, each developer will need to provide their own Amazon credentials, otherwise the default creds will be used to provision Redshift instances." value="true"  />
    <property key="BucketName" displayName="S3 Bucket Name" description="Default name of the bucket. Should be overridden during provisioning." value="" />
    <property key="BucketRegionName" displayName="S3 Bucket Region Name" description="The bucket region locality expressed using the name of the region. When set, this will determine where your data will reside in S3. Valid values: us-east-1, us-west-1, us-west-2, eu-west-1, ap-southeast-1, ap-southeast-2, ap-northeast-1, sa-east-1" value="us-east-1"/>
    <property key="CannedACL" displayName="Canned ACL" description="The canned ACL to apply to the bucket. Should be set my Platform Opertator as a default" value=""/>
    <property key="Grants" displayName="Grants" description="Gets additional access control lists for requests to this S3 bucket. See documentation for details" value=""/>
    <property key="UseClientRegion" displayName="Use Client Region"  description="This indicates whether to use the same region as the S3 client was established." value=""/>
    <property key="RegionEndpoint" displayName="S3 Client Region Endpoint" description="Used during setup of the S3 client for provisioning/deprovisioning" value=""/>
  </properties>
</addonManifest>