﻿<?xml version="1.0" encoding="utf-8"?><HelpTOCNode Title="S3DeveloperOptions Properties" Url="html/Properties_T_Apprenda_SaaSGrid_Addons_AWS_S3_S3DeveloperOptions.htm"><HelpTOCNode Title="AccessKey Property " Url="html/P_Apprenda_SaaSGrid_Addons_AWS_S3_S3DeveloperOptions_AccessKey.htm" /><HelpTOCNode Title="BucketName Property " Url="html/P_Apprenda_SaaSGrid_Addons_AWS_S3_S3DeveloperOptions_BucketName.htm" /><HelpTOCNode Title="BucketRegion Property " Url="html/P_Apprenda_SaaSGrid_Addons_AWS_S3_S3DeveloperOptions_BucketRegion.htm" /><HelpTOCNode Title="BucketRegionName Property " Url="html/P_Apprenda_SaaSGrid_Addons_AWS_S3_S3DeveloperOptions_BucketRegionName.htm" /><HelpTOCNode Title="CannedACL Property " Url="html/P_Apprenda_SaaSGrid_Addons_AWS_S3_S3DeveloperOptions_CannedACL.htm" /><HelpTOCNode Title="Grants Property " Url="html/P_Apprenda_SaaSGrid_Addons_AWS_S3_S3DeveloperOptions_Grants.htm" /><HelpTOCNode Title="RegionEndpont Property " Url="html/P_Apprenda_SaaSGrid_Addons_AWS_S3_S3DeveloperOptions_RegionEndpont.htm" /><HelpTOCNode Title="SecretAccessKey Property " Url="html/P_Apprenda_SaaSGrid_Addons_AWS_S3_S3DeveloperOptions_SecretAccessKey.htm" /><HelpTOCNode Title="UseClientRegion Property " Url="html/P_Apprenda_SaaSGrid_Addons_AWS_S3_S3DeveloperOptions_UseClientRegion.htm" /></HelpTOCNode>