﻿<?xml version="1.0" encoding="utf-8"?><HelpTOCNode Title="DeveloperOptions Properties" Url="html/Properties_T_Apprenda_SaaSGrid_Addons_AWS_SNS_DeveloperOptions.htm"><HelpTOCNode Title="AccessKey Property " Url="html/P_Apprenda_SaaSGrid_Addons_AWS_SNS_DeveloperOptions_AccessKey.htm" /><HelpTOCNode Title="CustomUserData Property " Url="html/P_Apprenda_SaaSGrid_Addons_AWS_SNS_DeveloperOptions_CustomUserData.htm" /><HelpTOCNode Title="EndpointAttributes Property " Url="html/P_Apprenda_SaaSGrid_Addons_AWS_SNS_DeveloperOptions_EndpointAttributes.htm" /><HelpTOCNode Title="MessagingPlatform Property " Url="html/P_Apprenda_SaaSGrid_Addons_AWS_SNS_DeveloperOptions_MessagingPlatform.htm" /><HelpTOCNode Title="PlatformApplicationArn Property " Url="html/P_Apprenda_SaaSGrid_Addons_AWS_SNS_DeveloperOptions_PlatformApplicationArn.htm" /><HelpTOCNode Title="PlatformApplicationName Property " Url="html/P_Apprenda_SaaSGrid_Addons_AWS_SNS_DeveloperOptions_PlatformApplicationName.htm" /><HelpTOCNode Title="PlatformAttributes Property " Url="html/P_Apprenda_SaaSGrid_Addons_AWS_SNS_DeveloperOptions_PlatformAttributes.htm" /><HelpTOCNode Title="SecretAccessKey Property " Url="html/P_Apprenda_SaaSGrid_Addons_AWS_SNS_DeveloperOptions_SecretAccessKey.htm" /><HelpTOCNode Title="Token Property " Url="html/P_Apprenda_SaaSGrid_Addons_AWS_SNS_DeveloperOptions_Token.htm" /><HelpTOCNode Title="TopicName Property " Url="html/P_Apprenda_SaaSGrid_Addons_AWS_SNS_DeveloperOptions_TopicName.htm" /></HelpTOCNode>