<?xml version="1.0" encoding="utf-8" ?>
<addonManifest xmlns:xsd="http://www.w3.org/2001/XMLSchema"
               xmlns:xsi="http://www.w3.org/2001/XMLSchema-instance"
               xmlns="http://schemas.apprenda.com/AddonManifest"
               xsi:schemaLocation="http://schemas.apprenda.com/AddonManifest http://apprenda.com/schemas/platform/4.5/AddonManifest.xsd"
               name="Amazon EMR"
               description="Amazon EMR is a service that allows you to set up, operate and scale Hadoop MapReduce jobs."
               deploymentNotes=""
               developerHelp=""
               vendor="Apprenda"
               author="Chris Dutra"
               version="1.1.0"
               provisioningUsername="chris@dutronlabs.com"
               provisioningPassword="cyrixm2r"
               provisioningLocation="RegionEndpoint.USEast1">
  <properties>
    <property key="AWSClientKey" displayName="AWS Client Key" description="The IAM provisioned AWS Client Key to provision resources." value=""/>
    <property key="AWSSecretKey" displayName="AWS Secret Key" description="The secret key associated with the AWS client key. Encrypted at rest." value="" />
    <property key="AWSRegionEndpoint" displayName="AWS Region Endpoint" description="Required-  please specify the region endpoint to log into." value=""/>
    <property key="requireDevCredentials" displayName="Require Developer Credentials" description="If set to true, each developer will need to provide their own Amazon credentials." value="true"  />
    <property key="AdditionalInfo" displayName="Additional Info" description="JSON string adding anything additional to the request" value="" />
    <property key="AmiVersion" displayName="AMI Version" description="Sets the value of the AMI version. For most cases, use 'latest'" value="latest" />
    <property key="BootstrapActions" displayName="Bootstrap Actions" description="List of Bootstrap Actions, place in text format to be parsed." value="" />
    <property key="Instances" displayName="Instances" description="A specification on the number of instances and type of EC2 instances on which to run the job flow. Place in text format to be parsed." value="" />
    <property key="JobFlowRole" displayName="Job Flow Role" description="The IAM role for the job flow. The EC2 instances of the job flow use this role." value="EMRJobFlowDefault" />
    <property key="LogUri" displayName="Log URI" description="S3 Bucket URI for storing log files. If not specified, logs will not be provided." value="" />
    <property key="Name" displayName="Name" description="Name of the Job Flow" value="" />
    <property key="NewSupportedProducts" displayName="New Supported Products" description="A list of strings that indicates third-party software to use with the job flow that accepts a user argument list. EMR accepts and forwards the argument list to the corresponding installation script as bootstrap action arguments. Currently, values can be 'mapr-m3', 'mapr-m5'" value="" />
    <property key="ServiceRole" displayName="Service Role" description="IAM role that Amazon uses to provision resources on your behalf during the job flow. Must be an existing IAM role." value="" />
    <property key="Steps" displayName="Steps" description="List of steps to be executed by the job flow. When provisioning, this is usually going to be empty." value="" />
    <property key="SupportedProducts" displayName="Supported Products" description="See 'New Supported Products'" value="" />
    <property key="Tags" displayName="Tags" description="List of Tags to associate with a cluster and its respective EC2 instnaces." value="" />
    <property key="VisibleToAlUsers" displayName="Visible to All Users" description="If true, all IAM users of the AWS account can see/manage the job flow. Set to false to make this restricted to just the IAM user." value="" />
  </properties>
</addonManifest>