﻿<?xml version="1.0" encoding="utf-8"?><HelpTOCNode Title="DeveloperOptions Properties" Url="html/Properties_T_Apprenda_SaaSGrid_Addons_AWS_RDS_DeveloperOptions.htm"><HelpTOCNode Title="AccessKey Property " Url="html/P_Apprenda_SaaSGrid_Addons_AWS_RDS_DeveloperOptions_AccessKey.htm" /><HelpTOCNode Title="AllocatedStorage Property " Url="html/P_Apprenda_SaaSGrid_Addons_AWS_RDS_DeveloperOptions_AllocatedStorage.htm" /><HelpTOCNode Title="AutoMinorVersionUpgrade Property " Url="html/P_Apprenda_SaaSGrid_Addons_AWS_RDS_DeveloperOptions_AutoMinorVersionUpgrade.htm" /><HelpTOCNode Title="AvailabilityZone Property " Url="html/P_Apprenda_SaaSGrid_Addons_AWS_RDS_DeveloperOptions_AvailabilityZone.htm" /><HelpTOCNode Title="BackupRetentionPeriod Property " Url="html/P_Apprenda_SaaSGrid_Addons_AWS_RDS_DeveloperOptions_BackupRetentionPeriod.htm" /><HelpTOCNode Title="CharacterSet Property " Url="html/P_Apprenda_SaaSGrid_Addons_AWS_RDS_DeveloperOptions_CharacterSet.htm" /><HelpTOCNode Title="DBAPassword Property " Url="html/P_Apprenda_SaaSGrid_Addons_AWS_RDS_DeveloperOptions_DBAPassword.htm" /><HelpTOCNode Title="DBAUsername Property " Url="html/P_Apprenda_SaaSGrid_Addons_AWS_RDS_DeveloperOptions_DBAUsername.htm" /><HelpTOCNode Title="DbInstanceClass Property " Url="html/P_Apprenda_SaaSGrid_Addons_AWS_RDS_DeveloperOptions_DbInstanceClass.htm" /><HelpTOCNode Title="DbInstanceIdentifier Property " Url="html/P_Apprenda_SaaSGrid_Addons_AWS_RDS_DeveloperOptions_DbInstanceIdentifier.htm" /><HelpTOCNode Title="DbName Property " Url="html/P_Apprenda_SaaSGrid_Addons_AWS_RDS_DeveloperOptions_DbName.htm" /><HelpTOCNode Title="DBParameterGroupName Property " Url="html/P_Apprenda_SaaSGrid_Addons_AWS_RDS_DeveloperOptions_DBParameterGroupName.htm" /><HelpTOCNode Title="DBSecurityGroups Property " Url="html/P_Apprenda_SaaSGrid_Addons_AWS_RDS_DeveloperOptions_DBSecurityGroups.htm" /><HelpTOCNode Title="Engine Property " Url="html/P_Apprenda_SaaSGrid_Addons_AWS_RDS_DeveloperOptions_Engine.htm" /><HelpTOCNode Title="EngineVersion Property " Url="html/P_Apprenda_SaaSGrid_Addons_AWS_RDS_DeveloperOptions_EngineVersion.htm" /><HelpTOCNode Title="LicenseModel Property " Url="html/P_Apprenda_SaaSGrid_Addons_AWS_RDS_DeveloperOptions_LicenseModel.htm" /><HelpTOCNode Title="MultiAZ Property " Url="html/P_Apprenda_SaaSGrid_Addons_AWS_RDS_DeveloperOptions_MultiAZ.htm" /><HelpTOCNode Title="NumberOfBackups Property " Url="html/P_Apprenda_SaaSGrid_Addons_AWS_RDS_DeveloperOptions_NumberOfBackups.htm" /><HelpTOCNode Title="OptionGroup Property " Url="html/P_Apprenda_SaaSGrid_Addons_AWS_RDS_DeveloperOptions_OptionGroup.htm" /><HelpTOCNode Title="Port Property " Url="html/P_Apprenda_SaaSGrid_Addons_AWS_RDS_DeveloperOptions_Port.htm" /><HelpTOCNode Title="PreferredBackupWindow Property " Url="html/P_Apprenda_SaaSGrid_Addons_AWS_RDS_DeveloperOptions_PreferredBackupWindow.htm" /><HelpTOCNode Title="PreferredMXWindow Property " Url="html/P_Apprenda_SaaSGrid_Addons_AWS_RDS_DeveloperOptions_PreferredMXWindow.htm" /><HelpTOCNode Title="ProvisionedIOPs Property " Url="html/P_Apprenda_SaaSGrid_Addons_AWS_RDS_DeveloperOptions_ProvisionedIOPs.htm" /><HelpTOCNode Title="PubliclyAccessible Property " Url="html/P_Apprenda_SaaSGrid_Addons_AWS_RDS_DeveloperOptions_PubliclyAccessible.htm" /><HelpTOCNode Title="SecretAccessKey Property " Url="html/P_Apprenda_SaaSGrid_Addons_AWS_RDS_DeveloperOptions_SecretAccessKey.htm" /><HelpTOCNode Title="SubnetGroupName Property " Url="html/P_Apprenda_SaaSGrid_Addons_AWS_RDS_DeveloperOptions_SubnetGroupName.htm" /><HelpTOCNode Title="Tags Property " Url="html/P_Apprenda_SaaSGrid_Addons_AWS_RDS_DeveloperOptions_Tags.htm" /><HelpTOCNode Title="VPCSecurityGroupIds Property " Url="html/P_Apprenda_SaaSGrid_Addons_AWS_RDS_DeveloperOptions_VPCSecurityGroupIds.htm" /></HelpTOCNode>