﻿<?xml version="1.0" encoding="utf-8"?><HelpTOCNode Title="RedshiftDeveloperOptions Properties" Url="html/Properties_T_Apprenda_SaaSGrid_Addons_AWS_Redshift_RedshiftDeveloperOptions.htm"><HelpTOCNode Title="AccessKey Property " Url="html/P_Apprenda_SaaSGrid_Addons_AWS_Redshift_RedshiftDeveloperOptions_AccessKey.htm" /><HelpTOCNode Title="AllocatedStorage Property " Url="html/P_Apprenda_SaaSGrid_Addons_AWS_Redshift_RedshiftDeveloperOptions_AllocatedStorage.htm" /><HelpTOCNode Title="AllowVersionUpgrade Property " Url="html/P_Apprenda_SaaSGrid_Addons_AWS_Redshift_RedshiftDeveloperOptions_AllowVersionUpgrade.htm" /><HelpTOCNode Title="AutomatedSnapshotRetentionPeriod Property " Url="html/P_Apprenda_SaaSGrid_Addons_AWS_Redshift_RedshiftDeveloperOptions_AutomatedSnapshotRetentionPeriod.htm" /><HelpTOCNode Title="AvailabilityZone Property " Url="html/P_Apprenda_SaaSGrid_Addons_AWS_Redshift_RedshiftDeveloperOptions_AvailabilityZone.htm" /><HelpTOCNode Title="ClusterIdentifier Property " Url="html/P_Apprenda_SaaSGrid_Addons_AWS_Redshift_RedshiftDeveloperOptions_ClusterIdentifier.htm" /><HelpTOCNode Title="ClusterParameterGroupName Property " Url="html/P_Apprenda_SaaSGrid_Addons_AWS_Redshift_RedshiftDeveloperOptions_ClusterParameterGroupName.htm" /><HelpTOCNode Title="ClusterSecurityGroups Property " Url="html/P_Apprenda_SaaSGrid_Addons_AWS_Redshift_RedshiftDeveloperOptions_ClusterSecurityGroups.htm" /><HelpTOCNode Title="ClusterSubnetGroupName Property " Url="html/P_Apprenda_SaaSGrid_Addons_AWS_Redshift_RedshiftDeveloperOptions_ClusterSubnetGroupName.htm" /><HelpTOCNode Title="ClusterType Property " Url="html/P_Apprenda_SaaSGrid_Addons_AWS_Redshift_RedshiftDeveloperOptions_ClusterType.htm" /><HelpTOCNode Title="ClusterVersion Property " Url="html/P_Apprenda_SaaSGrid_Addons_AWS_Redshift_RedshiftDeveloperOptions_ClusterVersion.htm" /><HelpTOCNode Title="DBName Property " Url="html/P_Apprenda_SaaSGrid_Addons_AWS_Redshift_RedshiftDeveloperOptions_DBName.htm" /><HelpTOCNode Title="ElasticIp Property " Url="html/P_Apprenda_SaaSGrid_Addons_AWS_Redshift_RedshiftDeveloperOptions_ElasticIp.htm" /><HelpTOCNode Title="Encrypted Property " Url="html/P_Apprenda_SaaSGrid_Addons_AWS_Redshift_RedshiftDeveloperOptions_Encrypted.htm" /><HelpTOCNode Title="HSMClientCertificateIdentifier Property " Url="html/P_Apprenda_SaaSGrid_Addons_AWS_Redshift_RedshiftDeveloperOptions_HSMClientCertificateIdentifier.htm" /><HelpTOCNode Title="HSMClientConfigurationIdentifier Property " Url="html/P_Apprenda_SaaSGrid_Addons_AWS_Redshift_RedshiftDeveloperOptions_HSMClientConfigurationIdentifier.htm" /><HelpTOCNode Title="MasterPassword Property " Url="html/P_Apprenda_SaaSGrid_Addons_AWS_Redshift_RedshiftDeveloperOptions_MasterPassword.htm" /><HelpTOCNode Title="MasterUserName Property " Url="html/P_Apprenda_SaaSGrid_Addons_AWS_Redshift_RedshiftDeveloperOptions_MasterUserName.htm" /><HelpTOCNode Title="NodeType Property " Url="html/P_Apprenda_SaaSGrid_Addons_AWS_Redshift_RedshiftDeveloperOptions_NodeType.htm" /><HelpTOCNode Title="NumberOfNodes Property " Url="html/P_Apprenda_SaaSGrid_Addons_AWS_Redshift_RedshiftDeveloperOptions_NumberOfNodes.htm" /><HelpTOCNode Title="Port Property " Url="html/P_Apprenda_SaaSGrid_Addons_AWS_Redshift_RedshiftDeveloperOptions_Port.htm" /><HelpTOCNode Title="PreferredMaintenanceWindow Property " Url="html/P_Apprenda_SaaSGrid_Addons_AWS_Redshift_RedshiftDeveloperOptions_PreferredMaintenanceWindow.htm" /><HelpTOCNode Title="PubliclyAccessible Property " Url="html/P_Apprenda_SaaSGrid_Addons_AWS_Redshift_RedshiftDeveloperOptions_PubliclyAccessible.htm" /><HelpTOCNode Title="RegionEndpoint Property " Url="html/P_Apprenda_SaaSGrid_Addons_AWS_Redshift_RedshiftDeveloperOptions_RegionEndpoint.htm" /><HelpTOCNode Title="SecretAccessKey Property " Url="html/P_Apprenda_SaaSGrid_Addons_AWS_Redshift_RedshiftDeveloperOptions_SecretAccessKey.htm" /><HelpTOCNode Title="VpcSecurityGroupIds Property " Url="html/P_Apprenda_SaaSGrid_Addons_AWS_Redshift_RedshiftDeveloperOptions_VpcSecurityGroupIds.htm" /></HelpTOCNode>