<?xml version="1.0" encoding="utf-8" ?>
<addonManifest xmlns:xsd="http://www.w3.org/2001/XMLSchema"
               xmlns:xsi="http://www.w3.org/2001/XMLSchema-instance"
               xmlns="http://schemas.apprenda.com/AddonManifest"
               xsi:schemaLocation="http://schemas.apprenda.com/AddonManifest http://apprenda.com/schemas/platform/4.5/AddonManifest.xsd"
               name="Amazon Glacier"
               description="Amazon Glacier is an extremely low-cost storage service that provides secure and durable storage for data archiving and backup."
               deploymentNotes=".NET 4.5, Apprenda 5.0.x"
               developerHelp="To provision backup, specify the vault name as a custom property during provisioning. \n For example, 'vaultName=TheVault'"
               vendor="Apprenda"
               author="Chris Dutra"
               version="1.0.0"
               provisioningUsername="chris@dutronlabs.com"
               provisioningPassword="cyrixm2r"
               provisioningLocation="RegionEndpoint.USEast1">
  <properties>
    <property key="requireDevCredentials" displayName="Require Developer Credentials" description="If set to true, each developer will need to provide their own Amazon credentials." value="true"  />
    <property key="AWSClientKey" displayName="AWS Client Key" description="Required - please specify the client key of the user who has access to provision Glacier vaults." value=""/>
    <property key="AWSSecretKey" displayName="AWS Secret Key" description="Required - please specify the secret key of the user who has access to provision Glacier vaults." value=""/>
    <property key="AWSAccountID" displayName="AWS Account ID" description="This is your AWS account ID. The AccountId is the AWS Account ID. You can specify either the AWS Account ID or optionally a '-', in which case Amazon Glacier uses the AWS Account ID associated with the credentials used to sign the request. If you specify your Account ID, do not include hyphens in it." value=""/>
    <property key="VaultName" displayName="Vault Name" description="This is the default vault name for Glacier. Should always be overridden." value=""/>
    <property key="RegionEndpoint" displayName="Region Endpoint" description="This is the value of the region you wish to connect to." value="us-east-1"/>
  </properties>
</addonManifest>