<?xml version="1.0" encoding="utf-8" ?>
<addonManifest xmlns:xsd="http://www.w3.org/2001/XMLSchema"
               xmlns:xsi="http://www.w3.org/2001/XMLSchema-instance"
               xmlns="http://schemas.apprenda.com/AddonManifest"
               xsi:schemaLocation="http://schemas.apprenda.com/AddonManifest http://apprenda.com/schemas/platform/4.5/AddonManifest.xsd"
               name="Amazon SQS"
               description="Amazon Simple Queue Service (SQS) is a fast, reliable, scalable, fully managed message queuing service."
               deploymentNotes="Validated for Apprenda 5.0.x"
               developerHelp=""
               vendor="Apprenda"
               author="Chris Dutra"
               version="1.0.1"
               provisioningUsername="chris@dutronlabs.com"
               provisioningPassword="cyrixm2r"
               provisioningLocation="RegionEndpoint.USEast1">
  <properties>
    <property key="AWSClientKey" displayName="AWS Client Key" description="Required - please specify the client key of the user who has access to provision Glacier vaults." value=""/>
    <property key="AWSSecretKey" displayName="AWS Secret Key" description="Required - please specify the secret key of the user who has access to provision Glacier vaults." value=""/>
    <property key="AWSRegionEndpoint" displayName="AWS Region Endpoint" description="Required-  please specify the region endpoint to log into." value=""/>
    <property key="requireDevCredentials" displayName="Require Developer Credentials" description="If set to true, each developer will need to provide their own Amazon credentials." value="true"  />
    <property key="Attributes" displayName="Queue Attributes" description="Sets specific attributes on a queue. You can specify DelaySeconds, MaximumMessageSize, MessageRetentionPeriod, Policy, ReceiveMessageWaitTimeSeconds, and VisibilityTimeout" value=""/>
    <property key="QueueName" displayName="Queue Name" description="Default name of the queue if none is specified by the developer." value="queue"/>
  </properties>
</addonManifest>