﻿<?xml version="1.0" encoding="utf-8"?>
<HelpTOC>

  <HelpTOCNode Title="Apprenda AWS Integration" Url="html/fe742ab9-cfb4-4991-89f4-f3cf37b52dde.htm" />
  <HelpTOCNode Id="aa22a0db-4328-4c8f-a10a-3c780966fd3d" Title="Version History" Url="html/9e042601-625f-4791-945b-ac01e487c64f.htm">
    <HelpTOCNode Title="Version 1.0.0.0" Url="html/e4048608-27ad-4b1b-8489-3c4a4aef3abf.htm" />
  </HelpTOCNode>
  <HelpTOCNode Id="ab4445a7-8b87-4c84-967f-0ec0dc3e6b4d" Title="Namespaces" Url="html/R_Project_Apprenda_AWS_Documentation.htm">
    <HelpTOCNode Id="3ac92103-094d-428c-b18d-849a905589d8" Title="Apprenda.SaaSGrid.Addons.AWS.EMR" Url="html/N_Apprenda_SaaSGrid_Addons_AWS_EMR.htm">
      <HelpTOCNode Id="4f3c7bd2-3a7b-4108-9ef3-6995c4dea5dd" Title="AddOn Class" Url="html/T_Apprenda_SaaSGrid_Addons_AWS_EMR_AddOn.htm">
        <HelpTOCNode Title="AddOn Constructor " Url="html/M_Apprenda_SaaSGrid_Addons_AWS_EMR_AddOn__ctor.htm" />
        <HelpTOCNode Id="8ed82292-ae7f-481a-9c53-f5fe29c4633f" Title="AddOn Methods" Url="html/Methods_T_Apprenda_SaaSGrid_Addons_AWS_EMR_AddOn.htm">
          <HelpTOCNode Title="Deprovision Method " Url="html/M_Apprenda_SaaSGrid_Addons_AWS_EMR_AddOn_Deprovision.htm" />
          <HelpTOCNode Title="Provision Method " Url="html/M_Apprenda_SaaSGrid_Addons_AWS_EMR_AddOn_Provision.htm" />
          <HelpTOCNode Title="Test Method " Url="html/M_Apprenda_SaaSGrid_Addons_AWS_EMR_AddOn_Test.htm" />
        </HelpTOCNode>
        <HelpTOCNode Id="62924c70-e9d2-4437-91a6-0477796472b5" Title="AddOn Properties" Url="html/Properties_T_Apprenda_SaaSGrid_Addons_AWS_EMR_AddOn.htm">
          <HelpTOCNode Title="EndUserMessage Property " Url="html/P_Apprenda_SaaSGrid_Addons_AWS_EMR_AddOn_EndUserMessage.htm" />
        </HelpTOCNode>
      </HelpTOCNode>
      <HelpTOCNode Id="74622eca-bf6b-48dc-8f84-8d2ff061d51a" Title="ConnectionInfo Class" Url="html/T_Apprenda_SaaSGrid_Addons_AWS_EMR_ConnectionInfo.htm">
        <HelpTOCNode Title="ConnectionInfo Constructor " Url="html/M_Apprenda_SaaSGrid_Addons_AWS_EMR_ConnectionInfo__ctor.htm" />
        <HelpTOCNode Id="ad693197-0813-47ba-87fc-8573b0bddf9c" Title="ConnectionInfo Methods" Url="html/Methods_T_Apprenda_SaaSGrid_Addons_AWS_EMR_ConnectionInfo.htm">
          <HelpTOCNode Title="MapToProperty Method " Url="html/M_Apprenda_SaaSGrid_Addons_AWS_EMR_ConnectionInfo_MapToProperty.htm" />
          <HelpTOCNode Title="Parse Method " Url="html/M_Apprenda_SaaSGrid_Addons_AWS_EMR_ConnectionInfo_Parse.htm" />
          <HelpTOCNode Title="ToString Method " Url="html/M_Apprenda_SaaSGrid_Addons_AWS_EMR_ConnectionInfo_ToString.htm" />
        </HelpTOCNode>
        <HelpTOCNode Id="9291c1a3-803d-48ea-bf4a-1e3338c54ca8" Title="ConnectionInfo Properties" Url="html/Properties_T_Apprenda_SaaSGrid_Addons_AWS_EMR_ConnectionInfo.htm">
          <HelpTOCNode Title="ClusterIdentifier Property " Url="html/P_Apprenda_SaaSGrid_Addons_AWS_EMR_ConnectionInfo_ClusterIdentifier.htm" />
          <HelpTOCNode Title="EndpointAddress Property " Url="html/P_Apprenda_SaaSGrid_Addons_AWS_EMR_ConnectionInfo_EndpointAddress.htm" />
          <HelpTOCNode Title="EndpointPort Property " Url="html/P_Apprenda_SaaSGrid_Addons_AWS_EMR_ConnectionInfo_EndpointPort.htm" />
        </HelpTOCNode>
      </HelpTOCNode>
    </HelpTOCNode>
    <HelpTOCNode Id="ec2c9ee8-9b86-4c88-98fb-8bb15779899c" Title="Apprenda.SaaSGrid.Addons.AWS.Glacier" Url="html/N_Apprenda_SaaSGrid_Addons_AWS_Glacier.htm">
      <HelpTOCNode Id="f51d30fb-0702-4029-a6f4-10d9c48a9f2c" Title="ConnectionInfo Class" Url="html/T_Apprenda_SaaSGrid_Addons_AWS_Glacier_ConnectionInfo.htm">
        <HelpTOCNode Title="ConnectionInfo Constructor " Url="html/M_Apprenda_SaaSGrid_Addons_AWS_Glacier_ConnectionInfo__ctor.htm" />
        <HelpTOCNode Id="b540e429-33cc-4afa-823f-d691ff989f7b" Title="ConnectionInfo Methods" Url="html/Methods_T_Apprenda_SaaSGrid_Addons_AWS_Glacier_ConnectionInfo.htm">
          <HelpTOCNode Title="MapToProperty Method " Url="html/M_Apprenda_SaaSGrid_Addons_AWS_Glacier_ConnectionInfo_MapToProperty.htm" />
          <HelpTOCNode Title="Parse Method " Url="html/M_Apprenda_SaaSGrid_Addons_AWS_Glacier_ConnectionInfo_Parse.htm" />
          <HelpTOCNode Title="ToString Method " Url="html/M_Apprenda_SaaSGrid_Addons_AWS_Glacier_ConnectionInfo_ToString.htm" />
        </HelpTOCNode>
        <HelpTOCNode Id="bcdff3a2-246a-4346-967f-1a24a21fdfe9" Title="ConnectionInfo Properties" Url="html/Properties_T_Apprenda_SaaSGrid_Addons_AWS_Glacier_ConnectionInfo.htm">
          <HelpTOCNode Title="AccountId Property " Url="html/P_Apprenda_SaaSGrid_Addons_AWS_Glacier_ConnectionInfo_AccountId.htm" />
          <HelpTOCNode Title="Location Property " Url="html/P_Apprenda_SaaSGrid_Addons_AWS_Glacier_ConnectionInfo_Location.htm" />
          <HelpTOCNode Title="VaultName Property " Url="html/P_Apprenda_SaaSGrid_Addons_AWS_Glacier_ConnectionInfo_VaultName.htm" />
        </HelpTOCNode>
      </HelpTOCNode>
      <HelpTOCNode Id="9880c645-4844-4833-9a12-aa6fd2777046" Title="DeveloperOptions Class" Url="html/T_Apprenda_SaaSGrid_Addons_AWS_Glacier_DeveloperOptions.htm">
        <HelpTOCNode Title="DeveloperOptions Constructor " Url="html/M_Apprenda_SaaSGrid_Addons_AWS_Glacier_DeveloperOptions__ctor.htm" />
        <HelpTOCNode Id="08cdead8-5a9c-4deb-b2e4-d6a97687c575" Title="DeveloperOptions Methods" Url="html/Methods_T_Apprenda_SaaSGrid_Addons_AWS_Glacier_DeveloperOptions.htm">
          <HelpTOCNode Title="Parse Method " Url="html/M_Apprenda_SaaSGrid_Addons_AWS_Glacier_DeveloperOptions_Parse.htm" />
        </HelpTOCNode>
        <HelpTOCNode Id="01ce181b-80dd-46ca-ae75-58c0dece9a13" Title="DeveloperOptions Properties" Url="html/Properties_T_Apprenda_SaaSGrid_Addons_AWS_Glacier_DeveloperOptions.htm">
          <HelpTOCNode Title="AccessKey Property " Url="html/P_Apprenda_SaaSGrid_Addons_AWS_Glacier_DeveloperOptions_AccessKey.htm" />
          <HelpTOCNode Title="AccountId Property " Url="html/P_Apprenda_SaaSGrid_Addons_AWS_Glacier_DeveloperOptions_AccountId.htm" />
          <HelpTOCNode Title="SecretAccessKey Property " Url="html/P_Apprenda_SaaSGrid_Addons_AWS_Glacier_DeveloperOptions_SecretAccessKey.htm" />
          <HelpTOCNode Title="VaultName Property " Url="html/P_Apprenda_SaaSGrid_Addons_AWS_Glacier_DeveloperOptions_VaultName.htm" />
        </HelpTOCNode>
      </HelpTOCNode>
      <HelpTOCNode Id="885648e0-1c85-4b62-a6fa-b48529a69b66" Title="GlacierAddon Class" Url="html/T_Apprenda_SaaSGrid_Addons_AWS_Glacier_GlacierAddon.htm">
        <HelpTOCNode Title="GlacierAddon Constructor " Url="html/M_Apprenda_SaaSGrid_Addons_AWS_Glacier_GlacierAddon__ctor.htm" />
        <HelpTOCNode Id="b2b4b75d-bf25-4285-8e31-eeb8a62dfd33" Title="GlacierAddon Methods" Url="html/Methods_T_Apprenda_SaaSGrid_Addons_AWS_Glacier_GlacierAddon.htm">
          <HelpTOCNode Title="Deprovision Method " Url="html/M_Apprenda_SaaSGrid_Addons_AWS_Glacier_GlacierAddon_Deprovision.htm" />
          <HelpTOCNode Title="Provision Method " Url="html/M_Apprenda_SaaSGrid_Addons_AWS_Glacier_GlacierAddon_Provision.htm" />
          <HelpTOCNode Title="Test Method " Url="html/M_Apprenda_SaaSGrid_Addons_AWS_Glacier_GlacierAddon_Test.htm" />
        </HelpTOCNode>
      </HelpTOCNode>
    </HelpTOCNode>
    <HelpTOCNode Id="669e3c71-8698-4363-b247-177ea8564596" Title="Apprenda.SaaSGrid.Addons.AWS.RDS" Url="html/N_Apprenda_SaaSGrid_Addons_AWS_RDS.htm">
      <HelpTOCNode Id="0b0d4afd-6ad7-4664-ba0c-b9984e5535a9" Title="ConnectionInfo Class" Url="html/T_Apprenda_SaaSGrid_Addons_AWS_RDS_ConnectionInfo.htm">
        <HelpTOCNode Title="ConnectionInfo Constructor " Url="html/M_Apprenda_SaaSGrid_Addons_AWS_RDS_ConnectionInfo__ctor.htm" />
        <HelpTOCNode Id="bd5318b6-c649-48f8-8d98-9d6e22f5b6c9" Title="ConnectionInfo Methods" Url="html/Methods_T_Apprenda_SaaSGrid_Addons_AWS_RDS_ConnectionInfo.htm">
          <HelpTOCNode Title="MapToProperty Method " Url="html/M_Apprenda_SaaSGrid_Addons_AWS_RDS_ConnectionInfo_MapToProperty.htm" />
          <HelpTOCNode Title="Parse Method " Url="html/M_Apprenda_SaaSGrid_Addons_AWS_RDS_ConnectionInfo_Parse.htm" />
          <HelpTOCNode Title="ToString Method " Url="html/M_Apprenda_SaaSGrid_Addons_AWS_RDS_ConnectionInfo_ToString.htm" />
        </HelpTOCNode>
        <HelpTOCNode Id="0c23e10b-5056-4690-898e-30f61802f1ee" Title="ConnectionInfo Properties" Url="html/Properties_T_Apprenda_SaaSGrid_Addons_AWS_RDS_ConnectionInfo.htm">
          <HelpTOCNode Title="DbInstanceIdentifier Property " Url="html/P_Apprenda_SaaSGrid_Addons_AWS_RDS_ConnectionInfo_DbInstanceIdentifier.htm" />
          <HelpTOCNode Title="EndpointAddress Property " Url="html/P_Apprenda_SaaSGrid_Addons_AWS_RDS_ConnectionInfo_EndpointAddress.htm" />
          <HelpTOCNode Title="EndpointPort Property " Url="html/P_Apprenda_SaaSGrid_Addons_AWS_RDS_ConnectionInfo_EndpointPort.htm" />
        </HelpTOCNode>
      </HelpTOCNode>
      <HelpTOCNode Id="1de3ba8f-11cf-49ee-b214-70bf4c652d29" Title="DeveloperOptions Class" Url="html/T_Apprenda_SaaSGrid_Addons_AWS_RDS_DeveloperOptions.htm">
        <HelpTOCNode Title="DeveloperOptions Constructor " Url="html/M_Apprenda_SaaSGrid_Addons_AWS_RDS_DeveloperOptions__ctor.htm" />
        <HelpTOCNode Id="87007a77-bb82-48ee-a2dc-a55bef9b7051" Title="DeveloperOptions Methods" Url="html/Methods_T_Apprenda_SaaSGrid_Addons_AWS_RDS_DeveloperOptions.htm">
          <HelpTOCNode Title="Parse Method " Url="html/M_Apprenda_SaaSGrid_Addons_AWS_RDS_DeveloperOptions_Parse.htm" />
        </HelpTOCNode>
        <HelpTOCNode Id="7054f9ef-c7f7-46f0-8eea-53a287da93b8" Title="DeveloperOptions Properties" Url="html/Properties_T_Apprenda_SaaSGrid_Addons_AWS_RDS_DeveloperOptions.htm">
          <HelpTOCNode Title="AccessKey Property " Url="html/P_Apprenda_SaaSGrid_Addons_AWS_RDS_DeveloperOptions_AccessKey.htm" />
          <HelpTOCNode Title="AllocatedStorage Property " Url="html/P_Apprenda_SaaSGrid_Addons_AWS_RDS_DeveloperOptions_AllocatedStorage.htm" />
          <HelpTOCNode Title="AutoMinorVersionUpgrade Property " Url="html/P_Apprenda_SaaSGrid_Addons_AWS_RDS_DeveloperOptions_AutoMinorVersionUpgrade.htm" />
          <HelpTOCNode Title="AvailabilityZone Property " Url="html/P_Apprenda_SaaSGrid_Addons_AWS_RDS_DeveloperOptions_AvailabilityZone.htm" />
          <HelpTOCNode Title="BackupRetentionPeriod Property " Url="html/P_Apprenda_SaaSGrid_Addons_AWS_RDS_DeveloperOptions_BackupRetentionPeriod.htm" />
          <HelpTOCNode Title="CharacterSet Property " Url="html/P_Apprenda_SaaSGrid_Addons_AWS_RDS_DeveloperOptions_CharacterSet.htm" />
          <HelpTOCNode Title="DBAPassword Property " Url="html/P_Apprenda_SaaSGrid_Addons_AWS_RDS_DeveloperOptions_DBAPassword.htm" />
          <HelpTOCNode Title="DBAUsername Property " Url="html/P_Apprenda_SaaSGrid_Addons_AWS_RDS_DeveloperOptions_DBAUsername.htm" />
          <HelpTOCNode Title="DbInstanceClass Property " Url="html/P_Apprenda_SaaSGrid_Addons_AWS_RDS_DeveloperOptions_DbInstanceClass.htm" />
          <HelpTOCNode Title="DbInstanceIdentifier Property " Url="html/P_Apprenda_SaaSGrid_Addons_AWS_RDS_DeveloperOptions_DbInstanceIdentifier.htm" />
          <HelpTOCNode Title="DbName Property " Url="html/P_Apprenda_SaaSGrid_Addons_AWS_RDS_DeveloperOptions_DbName.htm" />
          <HelpTOCNode Title="DBParameterGroupName Property " Url="html/P_Apprenda_SaaSGrid_Addons_AWS_RDS_DeveloperOptions_DBParameterGroupName.htm" />
          <HelpTOCNode Title="DBSecurityGroups Property " Url="html/P_Apprenda_SaaSGrid_Addons_AWS_RDS_DeveloperOptions_DBSecurityGroups.htm" />
          <HelpTOCNode Title="Engine Property " Url="html/P_Apprenda_SaaSGrid_Addons_AWS_RDS_DeveloperOptions_Engine.htm" />
          <HelpTOCNode Title="EngineVersion Property " Url="html/P_Apprenda_SaaSGrid_Addons_AWS_RDS_DeveloperOptions_EngineVersion.htm" />
          <HelpTOCNode Title="LicenseModel Property " Url="html/P_Apprenda_SaaSGrid_Addons_AWS_RDS_DeveloperOptions_LicenseModel.htm" />
          <HelpTOCNode Title="MultiAZ Property " Url="html/P_Apprenda_SaaSGrid_Addons_AWS_RDS_DeveloperOptions_MultiAZ.htm" />
          <HelpTOCNode Title="NumberOfBackups Property " Url="html/P_Apprenda_SaaSGrid_Addons_AWS_RDS_DeveloperOptions_NumberOfBackups.htm" />
          <HelpTOCNode Title="OptionGroup Property " Url="html/P_Apprenda_SaaSGrid_Addons_AWS_RDS_DeveloperOptions_OptionGroup.htm" />
          <HelpTOCNode Title="Port Property " Url="html/P_Apprenda_SaaSGrid_Addons_AWS_RDS_DeveloperOptions_Port.htm" />
          <HelpTOCNode Title="PreferredBackupWindow Property " Url="html/P_Apprenda_SaaSGrid_Addons_AWS_RDS_DeveloperOptions_PreferredBackupWindow.htm" />
          <HelpTOCNode Title="PreferredMXWindow Property " Url="html/P_Apprenda_SaaSGrid_Addons_AWS_RDS_DeveloperOptions_PreferredMXWindow.htm" />
          <HelpTOCNode Title="ProvisionedIOPs Property " Url="html/P_Apprenda_SaaSGrid_Addons_AWS_RDS_DeveloperOptions_ProvisionedIOPs.htm" />
          <HelpTOCNode Title="PubliclyAccessible Property " Url="html/P_Apprenda_SaaSGrid_Addons_AWS_RDS_DeveloperOptions_PubliclyAccessible.htm" />
          <HelpTOCNode Title="SecretAccessKey Property " Url="html/P_Apprenda_SaaSGrid_Addons_AWS_RDS_DeveloperOptions_SecretAccessKey.htm" />
          <HelpTOCNode Title="SubnetGroupName Property " Url="html/P_Apprenda_SaaSGrid_Addons_AWS_RDS_DeveloperOptions_SubnetGroupName.htm" />
          <HelpTOCNode Title="Tags Property " Url="html/P_Apprenda_SaaSGrid_Addons_AWS_RDS_DeveloperOptions_Tags.htm" />
          <HelpTOCNode Title="VPCSecurityGroupIds Property " Url="html/P_Apprenda_SaaSGrid_Addons_AWS_RDS_DeveloperOptions_VPCSecurityGroupIds.htm" />
        </HelpTOCNode>
      </HelpTOCNode>
      <HelpTOCNode Id="2ddbbc18-3c2d-4613-8c37-410772aae079" Title="RDSAddOn Class" Url="html/T_Apprenda_SaaSGrid_Addons_AWS_RDS_RDSAddOn.htm">
        <HelpTOCNode Title="RDSAddOn Constructor " Url="html/M_Apprenda_SaaSGrid_Addons_AWS_RDS_RDSAddOn__ctor.htm" />
        <HelpTOCNode Id="63973616-66bb-4c08-a188-f106b0cd498b" Title="RDSAddOn Methods" Url="html/Methods_T_Apprenda_SaaSGrid_Addons_AWS_RDS_RDSAddOn.htm">
          <HelpTOCNode Title="Deprovision Method " Url="html/M_Apprenda_SaaSGrid_Addons_AWS_RDS_RDSAddOn_Deprovision.htm" />
          <HelpTOCNode Title="Provision Method " Url="html/M_Apprenda_SaaSGrid_Addons_AWS_RDS_RDSAddOn_Provision.htm" />
          <HelpTOCNode Title="Test Method " Url="html/M_Apprenda_SaaSGrid_Addons_AWS_RDS_RDSAddOn_Test.htm" />
        </HelpTOCNode>
      </HelpTOCNode>
    </HelpTOCNode>
    <HelpTOCNode Id="4b72eafe-3216-4dd7-bcc3-e51c8fc1a70e" Title="Apprenda.SaaSGrid.Addons.AWS.Redshift" Url="html/N_Apprenda_SaaSGrid_Addons_AWS_Redshift.htm">
      <HelpTOCNode Id="d7c23c89-4c6a-4817-b459-c95c5f7bf871" Title="ConnectionInfo Class" Url="html/T_Apprenda_SaaSGrid_Addons_AWS_Redshift_ConnectionInfo.htm">
        <HelpTOCNode Title="ConnectionInfo Constructor " Url="html/M_Apprenda_SaaSGrid_Addons_AWS_Redshift_ConnectionInfo__ctor.htm" />
        <HelpTOCNode Id="dde1d1a7-364a-4f99-b3c2-93b79db8ea5c" Title="ConnectionInfo Methods" Url="html/Methods_T_Apprenda_SaaSGrid_Addons_AWS_Redshift_ConnectionInfo.htm">
          <HelpTOCNode Title="MapToProperty Method " Url="html/M_Apprenda_SaaSGrid_Addons_AWS_Redshift_ConnectionInfo_MapToProperty.htm" />
          <HelpTOCNode Title="Parse Method " Url="html/M_Apprenda_SaaSGrid_Addons_AWS_Redshift_ConnectionInfo_Parse.htm" />
          <HelpTOCNode Title="ToString Method " Url="html/M_Apprenda_SaaSGrid_Addons_AWS_Redshift_ConnectionInfo_ToString.htm" />
        </HelpTOCNode>
        <HelpTOCNode Id="0cc19c44-77be-44fc-b0da-ca089d098303" Title="ConnectionInfo Properties" Url="html/Properties_T_Apprenda_SaaSGrid_Addons_AWS_Redshift_ConnectionInfo.htm">
          <HelpTOCNode Title="ClusterIdentifier Property " Url="html/P_Apprenda_SaaSGrid_Addons_AWS_Redshift_ConnectionInfo_ClusterIdentifier.htm" />
          <HelpTOCNode Title="EndpointAddress Property " Url="html/P_Apprenda_SaaSGrid_Addons_AWS_Redshift_ConnectionInfo_EndpointAddress.htm" />
          <HelpTOCNode Title="EndpointPort Property " Url="html/P_Apprenda_SaaSGrid_Addons_AWS_Redshift_ConnectionInfo_EndpointPort.htm" />
        </HelpTOCNode>
      </HelpTOCNode>
      <HelpTOCNode Id="9d2e9132-d6e7-4bf7-bdf1-fb36f74c485e" Title="RedhsiftAddOn Class" Url="html/T_Apprenda_SaaSGrid_Addons_AWS_Redshift_RedhsiftAddOn.htm">
        <HelpTOCNode Title="RedhsiftAddOn Constructor " Url="html/M_Apprenda_SaaSGrid_Addons_AWS_Redshift_RedhsiftAddOn__ctor.htm" />
        <HelpTOCNode Id="22a2d7ff-a5a2-47da-8801-c4b4d07be954" Title="RedhsiftAddOn Methods" Url="html/Methods_T_Apprenda_SaaSGrid_Addons_AWS_Redshift_RedhsiftAddOn.htm">
          <HelpTOCNode Title="Deprovision Method " Url="html/M_Apprenda_SaaSGrid_Addons_AWS_Redshift_RedhsiftAddOn_Deprovision.htm" />
          <HelpTOCNode Title="Provision Method " Url="html/M_Apprenda_SaaSGrid_Addons_AWS_Redshift_RedhsiftAddOn_Provision.htm" />
          <HelpTOCNode Title="Test Method " Url="html/M_Apprenda_SaaSGrid_Addons_AWS_Redshift_RedhsiftAddOn_Test.htm" />
        </HelpTOCNode>
      </HelpTOCNode>
      <HelpTOCNode Id="41269f4a-82cb-4646-98bd-b296b5a5dfa9" Title="RedshiftDeveloperOptions Class" Url="html/T_Apprenda_SaaSGrid_Addons_AWS_Redshift_RedshiftDeveloperOptions.htm">
        <HelpTOCNode Title="RedshiftDeveloperOptions Constructor " Url="html/M_Apprenda_SaaSGrid_Addons_AWS_Redshift_RedshiftDeveloperOptions__ctor.htm" />
        <HelpTOCNode Id="711e8188-97ba-41a4-8cce-7fcea4b60d37" Title="RedshiftDeveloperOptions Methods" Url="html/Methods_T_Apprenda_SaaSGrid_Addons_AWS_Redshift_RedshiftDeveloperOptions.htm">
          <HelpTOCNode Title="MapToOption Method " Url="html/M_Apprenda_SaaSGrid_Addons_AWS_Redshift_RedshiftDeveloperOptions_MapToOption.htm" />
          <HelpTOCNode Title="MapToOptionWithCollection Method " Url="html/M_Apprenda_SaaSGrid_Addons_AWS_Redshift_RedshiftDeveloperOptions_MapToOptionWithCollection.htm" />
          <HelpTOCNode Title="Parse Method " Url="html/M_Apprenda_SaaSGrid_Addons_AWS_Redshift_RedshiftDeveloperOptions_Parse.htm" />
        </HelpTOCNode>
        <HelpTOCNode Id="503a904c-ca1b-4584-9d28-dd41b3f2e6f3" Title="RedshiftDeveloperOptions Properties" Url="html/Properties_T_Apprenda_SaaSGrid_Addons_AWS_Redshift_RedshiftDeveloperOptions.htm">
          <HelpTOCNode Title="AccessKey Property " Url="html/P_Apprenda_SaaSGrid_Addons_AWS_Redshift_RedshiftDeveloperOptions_AccessKey.htm" />
          <HelpTOCNode Title="AllocatedStorage Property " Url="html/P_Apprenda_SaaSGrid_Addons_AWS_Redshift_RedshiftDeveloperOptions_AllocatedStorage.htm" />
          <HelpTOCNode Title="AllowVersionUpgrade Property " Url="html/P_Apprenda_SaaSGrid_Addons_AWS_Redshift_RedshiftDeveloperOptions_AllowVersionUpgrade.htm" />
          <HelpTOCNode Title="AutomatedSnapshotRetentionPeriod Property " Url="html/P_Apprenda_SaaSGrid_Addons_AWS_Redshift_RedshiftDeveloperOptions_AutomatedSnapshotRetentionPeriod.htm" />
          <HelpTOCNode Title="AvailabilityZone Property " Url="html/P_Apprenda_SaaSGrid_Addons_AWS_Redshift_RedshiftDeveloperOptions_AvailabilityZone.htm" />
          <HelpTOCNode Title="ClusterIdentifier Property " Url="html/P_Apprenda_SaaSGrid_Addons_AWS_Redshift_RedshiftDeveloperOptions_ClusterIdentifier.htm" />
          <HelpTOCNode Title="ClusterParameterGroupName Property " Url="html/P_Apprenda_SaaSGrid_Addons_AWS_Redshift_RedshiftDeveloperOptions_ClusterParameterGroupName.htm" />
          <HelpTOCNode Title="ClusterSecurityGroups Property " Url="html/P_Apprenda_SaaSGrid_Addons_AWS_Redshift_RedshiftDeveloperOptions_ClusterSecurityGroups.htm" />
          <HelpTOCNode Title="ClusterSubnetGroupName Property " Url="html/P_Apprenda_SaaSGrid_Addons_AWS_Redshift_RedshiftDeveloperOptions_ClusterSubnetGroupName.htm" />
          <HelpTOCNode Title="ClusterType Property " Url="html/P_Apprenda_SaaSGrid_Addons_AWS_Redshift_RedshiftDeveloperOptions_ClusterType.htm" />
          <HelpTOCNode Title="ClusterVersion Property " Url="html/P_Apprenda_SaaSGrid_Addons_AWS_Redshift_RedshiftDeveloperOptions_ClusterVersion.htm" />
          <HelpTOCNode Title="DBName Property " Url="html/P_Apprenda_SaaSGrid_Addons_AWS_Redshift_RedshiftDeveloperOptions_DBName.htm" />
          <HelpTOCNode Title="ElasticIp Property " Url="html/P_Apprenda_SaaSGrid_Addons_AWS_Redshift_RedshiftDeveloperOptions_ElasticIp.htm" />
          <HelpTOCNode Title="Encrypted Property " Url="html/P_Apprenda_SaaSGrid_Addons_AWS_Redshift_RedshiftDeveloperOptions_Encrypted.htm" />
          <HelpTOCNode Title="HSMClientCertificateIdentifier Property " Url="html/P_Apprenda_SaaSGrid_Addons_AWS_Redshift_RedshiftDeveloperOptions_HSMClientCertificateIdentifier.htm" />
          <HelpTOCNode Title="HSMClientConfigurationIdentifier Property " Url="html/P_Apprenda_SaaSGrid_Addons_AWS_Redshift_RedshiftDeveloperOptions_HSMClientConfigurationIdentifier.htm" />
          <HelpTOCNode Title="MasterPassword Property " Url="html/P_Apprenda_SaaSGrid_Addons_AWS_Redshift_RedshiftDeveloperOptions_MasterPassword.htm" />
          <HelpTOCNode Title="MasterUserName Property " Url="html/P_Apprenda_SaaSGrid_Addons_AWS_Redshift_RedshiftDeveloperOptions_MasterUserName.htm" />
          <HelpTOCNode Title="NodeType Property " Url="html/P_Apprenda_SaaSGrid_Addons_AWS_Redshift_RedshiftDeveloperOptions_NodeType.htm" />
          <HelpTOCNode Title="NumberOfNodes Property " Url="html/P_Apprenda_SaaSGrid_Addons_AWS_Redshift_RedshiftDeveloperOptions_NumberOfNodes.htm" />
          <HelpTOCNode Title="Port Property " Url="html/P_Apprenda_SaaSGrid_Addons_AWS_Redshift_RedshiftDeveloperOptions_Port.htm" />
          <HelpTOCNode Title="PreferredMaintenanceWindow Property " Url="html/P_Apprenda_SaaSGrid_Addons_AWS_Redshift_RedshiftDeveloperOptions_PreferredMaintenanceWindow.htm" />
          <HelpTOCNode Title="PubliclyAccessible Property " Url="html/P_Apprenda_SaaSGrid_Addons_AWS_Redshift_RedshiftDeveloperOptions_PubliclyAccessible.htm" />
          <HelpTOCNode Title="RegionEndpoint Property " Url="html/P_Apprenda_SaaSGrid_Addons_AWS_Redshift_RedshiftDeveloperOptions_RegionEndpoint.htm" />
          <HelpTOCNode Title="SecretAccessKey Property " Url="html/P_Apprenda_SaaSGrid_Addons_AWS_Redshift_RedshiftDeveloperOptions_SecretAccessKey.htm" />
          <HelpTOCNode Title="VpcSecurityGroupIds Property " Url="html/P_Apprenda_SaaSGrid_Addons_AWS_Redshift_RedshiftDeveloperOptions_VpcSecurityGroupIds.htm" />
        </HelpTOCNode>
      </HelpTOCNode>
    </HelpTOCNode>
    <HelpTOCNode Id="b5eb0f91-5258-4ffd-a8a0-520db078f515" Title="Apprenda.SaaSGrid.Addons.AWS.S3" Url="html/N_Apprenda_SaaSGrid_Addons_AWS_S3.htm">
      <HelpTOCNode Id="65c5869d-1e85-4ea9-8abb-976e66f8ae70" Title="ConnectionInfo Class" Url="html/T_Apprenda_SaaSGrid_Addons_AWS_S3_ConnectionInfo.htm">
        <HelpTOCNode Title="ConnectionInfo Constructor " Url="html/M_Apprenda_SaaSGrid_Addons_AWS_S3_ConnectionInfo__ctor.htm" />
        <HelpTOCNode Id="b7b54b39-b9a1-4d17-883b-7afdebc627c6" Title="ConnectionInfo Methods" Url="html/Methods_T_Apprenda_SaaSGrid_Addons_AWS_S3_ConnectionInfo.htm">
          <HelpTOCNode Title="MapToProperty Method " Url="html/M_Apprenda_SaaSGrid_Addons_AWS_S3_ConnectionInfo_MapToProperty.htm" />
          <HelpTOCNode Title="Parse Method " Url="html/M_Apprenda_SaaSGrid_Addons_AWS_S3_ConnectionInfo_Parse.htm" />
          <HelpTOCNode Title="ToString Method " Url="html/M_Apprenda_SaaSGrid_Addons_AWS_S3_ConnectionInfo_ToString.htm" />
        </HelpTOCNode>
        <HelpTOCNode Id="ad1befbb-0eae-4a86-b857-43a7fdf7d36b" Title="ConnectionInfo Properties" Url="html/Properties_T_Apprenda_SaaSGrid_Addons_AWS_S3_ConnectionInfo.htm">
          <HelpTOCNode Title="BucketName Property " Url="html/P_Apprenda_SaaSGrid_Addons_AWS_S3_ConnectionInfo_BucketName.htm" />
        </HelpTOCNode>
      </HelpTOCNode>
      <HelpTOCNode Id="cb96bac2-969e-46b4-b086-556e703487f1" Title="S3Addon Class" Url="html/T_Apprenda_SaaSGrid_Addons_AWS_S3_S3Addon.htm">
        <HelpTOCNode Title="S3Addon Constructor " Url="html/M_Apprenda_SaaSGrid_Addons_AWS_S3_S3Addon__ctor.htm" />
        <HelpTOCNode Id="072d8d19-a560-4460-a2a0-1daceed6ff42" Title="S3Addon Methods" Url="html/Methods_T_Apprenda_SaaSGrid_Addons_AWS_S3_S3Addon.htm">
          <HelpTOCNode Title="Deprovision Method " Url="html/M_Apprenda_SaaSGrid_Addons_AWS_S3_S3Addon_Deprovision.htm" />
          <HelpTOCNode Title="Provision Method " Url="html/M_Apprenda_SaaSGrid_Addons_AWS_S3_S3Addon_Provision.htm" />
          <HelpTOCNode Title="Test Method " Url="html/M_Apprenda_SaaSGrid_Addons_AWS_S3_S3Addon_Test.htm" />
          <HelpTOCNode Title="ValidateManifest Method " Url="html/M_Apprenda_SaaSGrid_Addons_AWS_S3_S3Addon_ValidateManifest.htm" />
        </HelpTOCNode>
      </HelpTOCNode>
      <HelpTOCNode Id="aba97e30-d661-4146-9cfa-63d3a69840dd" Title="S3DeveloperOptions Class" Url="html/T_Apprenda_SaaSGrid_Addons_AWS_S3_S3DeveloperOptions.htm">
        <HelpTOCNode Title="S3DeveloperOptions Constructor " Url="html/M_Apprenda_SaaSGrid_Addons_AWS_S3_S3DeveloperOptions__ctor.htm" />
        <HelpTOCNode Id="eb56a76d-b414-4250-bd32-6bb4e1c0ed44" Title="S3DeveloperOptions Methods" Url="html/Methods_T_Apprenda_SaaSGrid_Addons_AWS_S3_S3DeveloperOptions.htm">
          <HelpTOCNode Title="MapToOption Method " Url="html/M_Apprenda_SaaSGrid_Addons_AWS_S3_S3DeveloperOptions_MapToOption.htm" />
          <HelpTOCNode Title="MapToOptionWithCollection Method " Url="html/M_Apprenda_SaaSGrid_Addons_AWS_S3_S3DeveloperOptions_MapToOptionWithCollection.htm" />
          <HelpTOCNode Title="Parse Method " Url="html/M_Apprenda_SaaSGrid_Addons_AWS_S3_S3DeveloperOptions_Parse.htm" />
        </HelpTOCNode>
        <HelpTOCNode Id="607727c8-f78a-49ad-ab27-ab11b552c2b0" Title="S3DeveloperOptions Properties" Url="html/Properties_T_Apprenda_SaaSGrid_Addons_AWS_S3_S3DeveloperOptions.htm">
          <HelpTOCNode Title="AccessKey Property " Url="html/P_Apprenda_SaaSGrid_Addons_AWS_S3_S3DeveloperOptions_AccessKey.htm" />
          <HelpTOCNode Title="BucketName Property " Url="html/P_Apprenda_SaaSGrid_Addons_AWS_S3_S3DeveloperOptions_BucketName.htm" />
          <HelpTOCNode Title="BucketRegion Property " Url="html/P_Apprenda_SaaSGrid_Addons_AWS_S3_S3DeveloperOptions_BucketRegion.htm" />
          <HelpTOCNode Title="BucketRegionName Property " Url="html/P_Apprenda_SaaSGrid_Addons_AWS_S3_S3DeveloperOptions_BucketRegionName.htm" />
          <HelpTOCNode Title="CannedACL Property " Url="html/P_Apprenda_SaaSGrid_Addons_AWS_S3_S3DeveloperOptions_CannedACL.htm" />
          <HelpTOCNode Title="Grants Property " Url="html/P_Apprenda_SaaSGrid_Addons_AWS_S3_S3DeveloperOptions_Grants.htm" />
          <HelpTOCNode Title="RegionEndpont Property " Url="html/P_Apprenda_SaaSGrid_Addons_AWS_S3_S3DeveloperOptions_RegionEndpont.htm" />
          <HelpTOCNode Title="SecretAccessKey Property " Url="html/P_Apprenda_SaaSGrid_Addons_AWS_S3_S3DeveloperOptions_SecretAccessKey.htm" />
          <HelpTOCNode Title="UseClientRegion Property " Url="html/P_Apprenda_SaaSGrid_Addons_AWS_S3_S3DeveloperOptions_UseClientRegion.htm" />
        </HelpTOCNode>
      </HelpTOCNode>
    </HelpTOCNode>
    <HelpTOCNode Id="49b32e78-3b0f-428b-9496-08025c60b8ce" Title="Apprenda.SaaSGrid.Addons.AWS.SNS" Url="html/N_Apprenda_SaaSGrid_Addons_AWS_SNS.htm">
      <HelpTOCNode Id="27245d0d-b33b-410e-b246-f852cd0d2067" Title="ConnectionInfo Class" Url="html/T_Apprenda_SaaSGrid_Addons_AWS_SNS_ConnectionInfo.htm">
        <HelpTOCNode Title="ConnectionInfo Constructor " Url="html/M_Apprenda_SaaSGrid_Addons_AWS_SNS_ConnectionInfo__ctor.htm" />
        <HelpTOCNode Id="faf51cbf-6cde-49a3-be47-583cda65df16" Title="ConnectionInfo Methods" Url="html/Methods_T_Apprenda_SaaSGrid_Addons_AWS_SNS_ConnectionInfo.htm">
          <HelpTOCNode Title="MapToProperty Method " Url="html/M_Apprenda_SaaSGrid_Addons_AWS_SNS_ConnectionInfo_MapToProperty.htm" />
          <HelpTOCNode Title="Parse Method " Url="html/M_Apprenda_SaaSGrid_Addons_AWS_SNS_ConnectionInfo_Parse.htm" />
          <HelpTOCNode Title="ToString Method " Url="html/M_Apprenda_SaaSGrid_Addons_AWS_SNS_ConnectionInfo_ToString.htm" />
        </HelpTOCNode>
        <HelpTOCNode Id="bf3407f0-b546-4c77-a0c3-5a9262833674" Title="ConnectionInfo Properties" Url="html/Properties_T_Apprenda_SaaSGrid_Addons_AWS_SNS_ConnectionInfo.htm">
          <HelpTOCNode Title="QueueName Property " Url="html/P_Apprenda_SaaSGrid_Addons_AWS_SNS_ConnectionInfo_QueueName.htm" />
          <HelpTOCNode Title="TopicArn Property " Url="html/P_Apprenda_SaaSGrid_Addons_AWS_SNS_ConnectionInfo_TopicArn.htm" />
        </HelpTOCNode>
      </HelpTOCNode>
      <HelpTOCNode Id="f00030ae-1ad9-4de6-b0ea-2df5f0261f1f" Title="DeveloperOptions Class" Url="html/T_Apprenda_SaaSGrid_Addons_AWS_SNS_DeveloperOptions.htm">
        <HelpTOCNode Title="DeveloperOptions Constructor " Url="html/M_Apprenda_SaaSGrid_Addons_AWS_SNS_DeveloperOptions__ctor.htm" />
        <HelpTOCNode Id="d8a3750f-fad5-4b5e-abd1-40f3f3a4833b" Title="DeveloperOptions Methods" Url="html/Methods_T_Apprenda_SaaSGrid_Addons_AWS_SNS_DeveloperOptions.htm">
          <HelpTOCNode Title="Parse Method " Url="html/M_Apprenda_SaaSGrid_Addons_AWS_SNS_DeveloperOptions_Parse.htm" />
        </HelpTOCNode>
        <HelpTOCNode Id="8c460b7d-c6ee-4314-a1e2-23c202072179" Title="DeveloperOptions Properties" Url="html/Properties_T_Apprenda_SaaSGrid_Addons_AWS_SNS_DeveloperOptions.htm">
          <HelpTOCNode Title="AccessKey Property " Url="html/P_Apprenda_SaaSGrid_Addons_AWS_SNS_DeveloperOptions_AccessKey.htm" />
          <HelpTOCNode Title="CustomUserData Property " Url="html/P_Apprenda_SaaSGrid_Addons_AWS_SNS_DeveloperOptions_CustomUserData.htm" />
          <HelpTOCNode Title="EndpointAttributes Property " Url="html/P_Apprenda_SaaSGrid_Addons_AWS_SNS_DeveloperOptions_EndpointAttributes.htm" />
          <HelpTOCNode Title="MessagingPlatform Property " Url="html/P_Apprenda_SaaSGrid_Addons_AWS_SNS_DeveloperOptions_MessagingPlatform.htm" />
          <HelpTOCNode Title="PlatformApplicationArn Property " Url="html/P_Apprenda_SaaSGrid_Addons_AWS_SNS_DeveloperOptions_PlatformApplicationArn.htm" />
          <HelpTOCNode Title="PlatformApplicationName Property " Url="html/P_Apprenda_SaaSGrid_Addons_AWS_SNS_DeveloperOptions_PlatformApplicationName.htm" />
          <HelpTOCNode Title="PlatformAttributes Property " Url="html/P_Apprenda_SaaSGrid_Addons_AWS_SNS_DeveloperOptions_PlatformAttributes.htm" />
          <HelpTOCNode Title="SecretAccessKey Property " Url="html/P_Apprenda_SaaSGrid_Addons_AWS_SNS_DeveloperOptions_SecretAccessKey.htm" />
          <HelpTOCNode Title="Token Property " Url="html/P_Apprenda_SaaSGrid_Addons_AWS_SNS_DeveloperOptions_Token.htm" />
          <HelpTOCNode Title="TopicName Property " Url="html/P_Apprenda_SaaSGrid_Addons_AWS_SNS_DeveloperOptions_TopicName.htm" />
        </HelpTOCNode>
      </HelpTOCNode>
      <HelpTOCNode Id="2a686eca-9409-4033-aa7a-68a85bf01fe6" Title="SNSAddOn Class" Url="html/T_Apprenda_SaaSGrid_Addons_AWS_SNS_SNSAddOn.htm">
        <HelpTOCNode Title="SNSAddOn Constructor " Url="html/M_Apprenda_SaaSGrid_Addons_AWS_SNS_SNSAddOn__ctor.htm" />
        <HelpTOCNode Id="f4fc73fd-23b6-40cf-9b74-73bd54f2165a" Title="SNSAddOn Methods" Url="html/Methods_T_Apprenda_SaaSGrid_Addons_AWS_SNS_SNSAddOn.htm">
          <HelpTOCNode Title="Deprovision Method " Url="html/M_Apprenda_SaaSGrid_Addons_AWS_SNS_SNSAddOn_Deprovision.htm" />
          <HelpTOCNode Title="Provision Method " Url="html/M_Apprenda_SaaSGrid_Addons_AWS_SNS_SNSAddOn_Provision.htm" />
          <HelpTOCNode Title="Test Method " Url="html/M_Apprenda_SaaSGrid_Addons_AWS_SNS_SNSAddOn_Test.htm" />
        </HelpTOCNode>
      </HelpTOCNode>
    </HelpTOCNode>
    <HelpTOCNode Id="b0cc3e9b-ff0d-4e35-8c7a-30525bcf9935" Title="Apprenda.SaaSGrid.Addons.AWS.SQS" Url="html/N_Apprenda_SaaSGrid_Addons_AWS_SQS.htm">
      <HelpTOCNode Id="ac62ad97-ea81-4a56-ab71-f41de3200836" Title="ConnectionInfo Class" Url="html/T_Apprenda_SaaSGrid_Addons_AWS_SQS_ConnectionInfo.htm">
        <HelpTOCNode Title="ConnectionInfo Constructor " Url="html/M_Apprenda_SaaSGrid_Addons_AWS_SQS_ConnectionInfo__ctor.htm" />
        <HelpTOCNode Id="fa896ebf-8939-46a5-87ea-c6b374724b18" Title="ConnectionInfo Methods" Url="html/Methods_T_Apprenda_SaaSGrid_Addons_AWS_SQS_ConnectionInfo.htm">
          <HelpTOCNode Title="MapToProperty Method " Url="html/M_Apprenda_SaaSGrid_Addons_AWS_SQS_ConnectionInfo_MapToProperty.htm" />
          <HelpTOCNode Title="Parse Method " Url="html/M_Apprenda_SaaSGrid_Addons_AWS_SQS_ConnectionInfo_Parse.htm" />
          <HelpTOCNode Title="ToString Method " Url="html/M_Apprenda_SaaSGrid_Addons_AWS_SQS_ConnectionInfo_ToString.htm" />
        </HelpTOCNode>
        <HelpTOCNode Id="461d20ee-0b3b-4367-b24e-03c65b47a9dc" Title="ConnectionInfo Properties" Url="html/Properties_T_Apprenda_SaaSGrid_Addons_AWS_SQS_ConnectionInfo.htm">
          <HelpTOCNode Title="queueName Property " Url="html/P_Apprenda_SaaSGrid_Addons_AWS_SQS_ConnectionInfo_queueName.htm" />
          <HelpTOCNode Title="queueURL Property " Url="html/P_Apprenda_SaaSGrid_Addons_AWS_SQS_ConnectionInfo_queueURL.htm" />
        </HelpTOCNode>
      </HelpTOCNode>
      <HelpTOCNode Id="bf894999-b9a5-4877-a71f-531184f274f5" Title="DeveloperOptions Class" Url="html/T_Apprenda_SaaSGrid_Addons_AWS_SQS_DeveloperOptions.htm">
        <HelpTOCNode Title="DeveloperOptions Constructor " Url="html/M_Apprenda_SaaSGrid_Addons_AWS_SQS_DeveloperOptions__ctor.htm" />
        <HelpTOCNode Id="1021cb41-b9b1-49f4-967a-9295dcb0b9cf" Title="DeveloperOptions Methods" Url="html/Methods_T_Apprenda_SaaSGrid_Addons_AWS_SQS_DeveloperOptions.htm">
          <HelpTOCNode Title="MapToOptionWithCollection Method " Url="html/M_Apprenda_SaaSGrid_Addons_AWS_SQS_DeveloperOptions_MapToOptionWithCollection.htm" />
          <HelpTOCNode Title="Parse Method " Url="html/M_Apprenda_SaaSGrid_Addons_AWS_SQS_DeveloperOptions_Parse.htm" />
        </HelpTOCNode>
        <HelpTOCNode Id="c6641e67-6851-4b20-b2ef-e2919f6991ad" Title="DeveloperOptions Properties" Url="html/Properties_T_Apprenda_SaaSGrid_Addons_AWS_SQS_DeveloperOptions.htm">
          <HelpTOCNode Title="AccessKey Property " Url="html/P_Apprenda_SaaSGrid_Addons_AWS_SQS_DeveloperOptions_AccessKey.htm" />
          <HelpTOCNode Title="Attributes Property " Url="html/P_Apprenda_SaaSGrid_Addons_AWS_SQS_DeveloperOptions_Attributes.htm" />
          <HelpTOCNode Title="QueueName Property " Url="html/P_Apprenda_SaaSGrid_Addons_AWS_SQS_DeveloperOptions_QueueName.htm" />
          <HelpTOCNode Title="SecretAccessKey Property " Url="html/P_Apprenda_SaaSGrid_Addons_AWS_SQS_DeveloperOptions_SecretAccessKey.htm" />
        </HelpTOCNode>
      </HelpTOCNode>
      <HelpTOCNode Id="2555e8ed-c93a-45d0-a512-295535b48cf2" Title="SQSAddOn Class" Url="html/T_Apprenda_SaaSGrid_Addons_AWS_SQS_SQSAddOn.htm">
        <HelpTOCNode Title="SQSAddOn Constructor " Url="html/M_Apprenda_SaaSGrid_Addons_AWS_SQS_SQSAddOn__ctor.htm" />
        <HelpTOCNode Id="553360ae-c908-49f0-9151-1e21c74a846b" Title="SQSAddOn Methods" Url="html/Methods_T_Apprenda_SaaSGrid_Addons_AWS_SQS_SQSAddOn.htm">
          <HelpTOCNode Title="Deprovision Method " Url="html/M_Apprenda_SaaSGrid_Addons_AWS_SQS_SQSAddOn_Deprovision.htm" />
          <HelpTOCNode Title="Provision Method " Url="html/M_Apprenda_SaaSGrid_Addons_AWS_SQS_SQSAddOn_Provision.htm" />
          <HelpTOCNode Title="Test Method " Url="html/M_Apprenda_SaaSGrid_Addons_AWS_SQS_SQSAddOn_Test.htm" />
        </HelpTOCNode>
      </HelpTOCNode>
    </HelpTOCNode>
  </HelpTOCNode>
</HelpTOC>
